{"events":[{"title":"new event","image":"https://cdn.pixabay.com/photo/2018/08/10/03/19/pathway-3596034_640.jpg","date":"2024-04-19","description":"something for the event","id":"87580ad0-bbcf-4e4c-b21e-9bb78633c1a5"},{"title":"Testing!!!","image":"https://www.shutterstock.com/image-photo/natural-green-grass-field-sunrise-600nw-1038896962.jpg","date":"2024-02-01","description":"This is the testing event description","id":"832118a6-ebec-4241-a947-aa7edd00b9e7"},{"title":"A New Garden Event","image":"https://www.shutterstock.com/image-photo/natural-green-grass-field-sunrise-600nw-1038896962.jpg","date":"2024-01-31","description":"This a new Event in Gardening.","id":"5284c6b0-738e-4eb7-9987-d80f0df2e4e9"},{"title":"New Event Title","image":"https://img.freepik.com/free-photo/garden-flowers-mae-fah-luang-garden-locate-doi-tung-chiang-rai-thailand_335224-968.jpg","date":"2024-01-30","description":"An Image of Garden.","id":"298cfbda-0ac0-4ed8-86b3-a2aa6ce9c373"},{"id":"e1","title":"A dummy event","date":"2023-02-22","image":"https://blog.hubspot.de/hubfs/Germany/Blog_images/Optimize_Marketing%20Events%20DACH%202021.jpg","description":"Join this amazing event and connect with fellow developers."}]}